Type,HMM,SSD,OGS
Malware,-2.5502,0.458,0.3097
Malware,-2.4916,0.398,0.8671
Malware,-2.4591,0.381,0.2878
Malware,-2.3937,0.387,0.3369
Malware,-2.5805,0.412,0.3344
Malware,-2.4426,0.944,0.2908
Malware,-2.5148,0.989,0.2814
Malware,-2.4417,0.402,0.3266
Malware,-2.4508,0.49,0.3223
Malware,-12.4561,0.479,0.7914
Malware,-2.5332,0.491,0.4302
Malware,-2.4849,0.488,0.3293
Malware,-2.6171,0.455,0.8409
Malware,-2.515,0.432,0.3612
Malware,-14.4404,0.408,0.2755
Malware,-2.5892,0.425,0.3998
Malware,-2.4532,0.421,0.3486
Malware,-2.4831,1.397,0.355
Malware,-2.5505,0.368,0.3432
Malware,-2.4479,0.426,0.3346
Benign,-20.1718,0.93,0.6909
Benign,-13.8231,0.854,0.7998
Benign,-12.2302,0.928,0.7324
Benign,-23.7316,0.924,0.7543
Benign,-9.4449,0.801,0.6843
Benign,-33.5896,0.917,0.7021
Benign,-148.4577,0.908,0.8879
Benign,-11.968,0.916,0.7166
Benign,-8.0129,0.93,0.683
Benign,-14.7196,0.979,0.7142
Benign,-12.9691,0.927,0.6771
Benign,-35.665,0.882,0.6901
Benign,-14.8911,0.972,0.8415
Benign,-33.0356,0.865,0.7811
Benign,-14.0974,0.827,0.6921
Benign,-12.8733,0.953,0.7454
Benign,-16.8113,0.87,0.6873
Benign,-30.8435,0.915,0.8512
Benign,-9.0773,0.938,0.7999
Benign,-22.3555,0.848,0.7783